feature,importance,coefficient
Age,0.5955120370704782,-0.5955120370704782
MonthsEmployed,0.4670904084075512,0.4670904084075512
stratify_col_prob,0.38572078718072894,0.38572078718072894
CreditScore,0.3524785735127146,-0.3524785735127146
LoanTerm,0.33293280969918176,-0.33293280969918176
NumCreditLines,0.30864139225318593,0.30864139225318593
Income,0.12021764162262948,-0.12021764162262948
DTIRatio,0.1020321256881451,0.1020321256881451
LoanAmount,0.06556910560431847,0.06556910560431847
InterestRate,0.0036982572771298104,0.0036982572771298104
