iter	Logloss
0	0.6879150077
1	0.6835781208
2	0.6792045254
3	0.6750511388
4	0.6711476245
5	0.6674132345
6	0.6639023195
7	0.6605525422
8	0.6574859084
9	0.6544016778
10	0.6515654368
11	0.6491561094
12	0.6466471657
13	0.6444726644
14	0.6419994188
15	0.6398872589
16	0.6379363405
17	0.6361177237
18	0.6340618477
19	0.6322457359
20	0.6307171119
21	0.6294340011
22	0.6280669212
23	0.6267504347
24	0.6255617105
25	0.6242062454
26	0.6227729635
27	0.6216748062
28	0.6206359383
29	0.6196990423
30	0.6186938178
31	0.6176818315
32	0.6167038843
33	0.6158446254
34	0.6149520925
35	0.6140536601
36	0.6131436927
37	0.6124257248
38	0.6116618012
39	0.61108972
40	0.6103787617
41	0.6098189975
42	0.6091274088
43	0.6084493608
44	0.6077562342
45	0.6071550046
46	0.6066234072
47	0.6061759216
48	0.6055665163
49	0.605048532
50	0.6046256719
51	0.6043663575
52	0.6039736405
53	0.6034839141
54	0.6030378717
55	0.6026648217556	0.6022079873
57	0.6017358148558	0.6012905992
59	0.6009233053
60	0.6005390004
61	0.6001680205662	0.5997725696363	0.5995996326464	0.59929771765	0.5994898015
66	0.59918022
67	067	0.598338068	068	0.598033969	069	0.597750170	070	0.597442171	071	0.597142872	0.5976094447
73	073	0.596713374	074	0.596516575	0.5969501066
76	0.5966321851
77	0.5964071044
78	0.5961690709
79	0.5960855213
80	080	0.59528181	0.81	0.59498982	0.82	0.59479983	0.83	0.59468484	0.5950359028585	0.5948249318686	0.86	0.59408787	0.87	0.59388888	0.88	0.59389	89	0.89	0.59390	90	0.90	0.59391	91	0.91	0.5939292	0.592	0.59393	0.59293	0.59294	0.59294	0.5929595	0.5930999009696	0.5929525239797	0.5927867429898	0.59268913
99	0.5925113318
100	0.5916462064
101	0.5914842042
102	0.5912864898
103	0.5911638538
104	0.5917774416
105	0.59158620551106	0.5914127064107	0.5906376284
108	0.5904898069
109	0.5903901743
110	0.5902742
111	0.5901795124
112	0.5901095186
113	0.5900390547
114	0.5899963496
115	115	0.5903805116	116	0.5902164117	117	0.5900861118	118	0.590029811119	0.58988917212120	0.58979420812121	0.58963203012122	0.58957561212123	0.58949648812124	0.58936567412125	0.58925025412126	0.58911705412127	0.58905256412128	0.58896340129129	0.588835622
130	0.5886987459
131	0.5885651656
132	0.588433546
133	0.58840132091134	0.58835638681135	0.58831136	01136	0.5881137	0.1137	0.5881138	0.1138	0.58803384013139	0.5879285471140	0.587809044141	0.5872003945
142	0.5870718977
143	0.5869660352
144	0.586853062
145	0.5867908452
146	0.5867196039
147	0.5866250312
148	0.5865753506
149	0.5864576664
150	0.5863949165
151	0.5863370183
152	0.5862580371
153	0.586170074
154	0.5860896518
155	0.5860094192
156	0.585994015
157	0.5859251726
1158	0.58639786831159	0.586306002160	0.5857410488
16161	0.58612457516162	0.58603686116163	0.58597159616164	0.58588166316165	0.58578300916166	0.585724033167	0.5852132046
168	0.5851355079
169	0.5850639084
170	0.5849595427
17171	0.58540093417172	0.58531245417173	0.58525476717174	0.5852028511175	0.58514882391176	0.5851154323177	0.5845628236
178	0.584480891
179	0.584400203
180	0.584312651
181	0.5843027492
182	0.5842383005
183	0.5841435181
184	0.5840865749
185	0.5839994862
186	0.583972112
187	0.5839311562
188	0.583827082
189	0.5837668815
190	0.5837211987
191	0.5836673399
192	0.5836143395
193	0.5835468632
194	0.5835413631
195	0.5835290673
196	0.583444883
197	0.5834227391
198	0.583343463
199	0.5832846396
200	0.583253816
201	0.5831767758
202	0.5831199994
203	0.5830985883
204	204	0.5835580205205	0.5834941720206	0.5834557022207	0.58341503582208	0.583375478
209	0.5828785185
210	0.5828127324
211	0.5832615413212	0.5827101613
213	0.5826480325
214	0.5825951276
215	0.582529497
216	0.5825005115
217	0.5824313896
21218	0.582922635219	0.582378567
220	0.5823318922
221	0.5822955246
222	0.582191194
223	0.5821338683
224	0.5821007071
225	0.5820498265
226	0.5819882965
227	0.5819448351
228	0.5819281895
229	0.5819168803
230	0.5818532942
231	0.5818245998
232	0.581781575
233	0.5817490039
234	0.5817272827
235	0.5817033727
236	0.5816596972
237	0.581630601
238	0.5816232658
239	0.5815696319
240	0.5815583852
241	0.5815541444
242	0.5815175337
243	0.5815029548
244	0.5814347185
245	0.5814116341
246	0.5813452738
247	0.5813338706
248	0.58132308
249	0.581310509
250	0.5812694297
251	0.5812606971
252	0.5812224207
253	0.5811684123
254	0.5811227818
255	0.5811033704
256	0.5810637004
257	0.5810127413
258	0.5809699483
259	0.5809314948
260	0.5809314948
261	0.5809242401
262	262	0.5814561263	0.5808789054
264	0.5808671815
265	265	0.5814005266	266	0.5813779267	267	0.5813438268	268	0.5813035269269	0.5812860527270	0.58126794727271	0.58124035027272	0.58120178127273	0.58115998127274	0.58110909127275	0.581101498276	0.5804450202
277	0.580393766
278	0.5803889692
279	0.5803726576
280	0.5803615017
281	0.5803332565
282	0.5802935694
283	0.5802325647
284	0.5802214833
285	0.5801693515
286	0.5801078387
287	0.5800960328
288	0.5800782581
289	0.5800392353
290	0.5800045269
291	0.5799400114
292	0.5799322418
293	0.579889654
294	0.579845958
295	0.5798421498
296	0.5798111314
297	0.5797874078
298	0.5797585777
299	0.5797275733
300	0.5796959973
301	0.5796881413
302	0.5796593213
303	0.579651414
304	0.5796091571
305	0.5795994317
306	0.5795680633
307	0.5795247981
308	0.5795247981
309	0.5795152164
310	0.579489774
311	0.5794345323
312	0.5794100898
313	0.579370362
314	0.579360632
315	0.5793288164
316	0.5792911606
317	0.5792408275
318	0.5792276663
319	0.579215767
320	0.5791989713
321	0.5791458658
322	0.5791095547
323	0.5790565623
324	0.5790519077
325	0.5790192359
326	0.579012804
327	0.5790045727
328	0.5789594477
329	0.5789265901
330	0.5789224966
331	0.5788575763
332	0.5788485202
333	0.5788225609
334	0.5788021666
335	0.5787728324
336	0.5787498426
337	0.5787367229
338	0.5787169121
339	0.5786785356
340	0.5786434436
341	0.5785946709
342	0.5785702475
343	0.5785272021
344	0.5784817413
345	0.5784779444
346	346	0.5790803347	347	0.5790411348	348	0.5790176349	349	0.5789495231
350	0.5789457351	351	0.5789282352	352	0.5789253353	353	0.5788843106
354	0.5788661875
355	0.5788606909
356	0.5788333127
357	0.5787932774
358	0.5787509837
359	0.5787147327
360	0.5786663695
361	0.5786195231
362	0.5786006104
363	0.5785295566
364	0.5784870017
365	0.578453152
366	0.5784145513
367	0.5783979248
368	0.5783886821
369	0.5783540846
370	0.578283622
371	0.5782587298
372	0.5782010412
373	0.5781648439
374	0.5781196428
375	0.5780974762
376	0.5780775562
377	0.5780509363
378	0.5780252941
379	0.5779923537
380	0.5779563516
381	0.5778866325
382	0.5778387391
383	0.5777873049
384	0.5777428975
385	0.577718849
386	0.5776885889
387	0.5776267921
388	0.5775919416
389	0.5775387823
390	0.5774766463
391	0.5774530246
392	0.5774037778
393	0.5773538322
394	0.5773516091
395	0.577298967
396	0.5772579864
397	0.5772507075
398	0.5772009484
399	0.5771610455
400	0.5771095882
401	0.5770981943
402	0.5770505391
403	0.5770116539
404	0.5769800711
405	0.5769297697
406	0.5768963584
407	0.5768537318
408	0.5767965274
409	0.5767397492
410	0.5767053512
411	0.576671103
412	0.5766197512
413	0.576590274
414	0.5765635998
415	0.5765178199
416	0.5764842487
417	0.5764788847
418	0.5764423216
419	0.576396044
420	0.5763514892
421	0.5763047303
422	0.5762667608
423	0.57624782
424	0.5761880328
425	0.5761552394
426	0.5761210156
427	0.576070985
428	0.5760084277
429	0.5759632905
430	0.575906236
431	0.5758642449
432	0.5758348628
433	0.5758055254
434	0.5757623411
435	0.5757059861
436	0.5756636287
437	0.5756294583
438	0.5756006416
439	0.5755520369
440	0.5755039976
441	0.575459967
442	0.5754237289
443	0.5753852624
444	0.5753482032
445	0.5753014438
446	0.5752529845
447	0.5751901761
448	0.5751545077
449	0.5751115669
450	0.57506624
451	0.575020092
452	0.5749639772
453	0.5749180591
454	0.5748451091
455	0.5748096654
456	0.574789697
457	0.5747354921
458	0.5746894337
459	0.5746417847
460	0.5745846682
461	0.5745527049
462	0.5745012228
463	0.5744628382
464	0.5744382565
465	0.5743858678
466	0.5743559931
467	0.5743089862
468	0.5742603584
469	0.5742370614
470	0.5741954308
471	0.5741727229
472	0.5741274731
473	0.5740717732
474	0.5740349439
475	0.5740069205
476	0.5739403884
477	0.5739120447
478	0.5738806334
479	0.5738385585
480	0.5737881273
481	0.5737255373
482	0.5736490197
483	0.5735922052
484	0.5735530193
485	0.5735019521
486	0.5734468178
487	0.5734182939
488	0.5733893471
489	0.5733668133
490	0.573331525
491	0.5733086505
492	0.5732870437
493	0.5732369624
494	0.5731832579
495	0.5731471088
496	0.5730758226
497	0.57304008
498	0.5729973688
499	0.5729531641
500	0.5729142536
501	0.5728893699
502	0.5728517241
503	0.5727924529
504	0.57275138
505	0.5727120542
506	0.5726924854
507	0.5726245956
508	0.5725786441
509	0.5725309681
510	0.5725008512
511	0.5724787996
512	0.5724356881
513	0.5723938067
514	0.5723619496
515	0.5723215801
516	0.5722731733
517	0.5722149397
518	0.5721600298
519	0.572103653
520	0.5720669611
521	0.5720093474
522	0.5719559059
523	0.5719122218
524	0.5718929485
525	0.571854557
526	0.5718118685
527	0.5717596361
528	0.571731486
529	0.5716861924
0.5717206672
531	0.5716670631
532	0.5716260739
533	0.5715764229
534	0.5715414788
