iter	Passed	Remaining
0	1679	1678219
1	3087	1540895
2	4573	1519900
3	6111	1521652
4	7505	1493500
5	8877	1470705
6	10358	1469454
7	12202	1513076
8	13627	1500568
9	14969	1482024
10	16318	1467211
11	17632	1451771
12	18854	1431513
13	20280	1428337
14	21646	1421448
15	23172	1425096
16	24433	1412822
17	25803	1407711
18	26969	1392502
19	28104	1377102
20	29625	1381132
21	31095	1382352
22	32354	1374381
23	33501	1362392
24	34818	1357907
25	36331	1361015
26	37921	1366568
27	39497	1371111
28	40568	1358346
29	42268	1366691
30	43657	1364634
31	44953	1359829
32	46150	1352360
33	47609	1352658
34	48976	1350347
35	50252	1345656
36	51642	1344093
37	53017	1342175
38	54284	1337620
39	55330	1327932
40	56641	1324850
41	57822	1318913
42	59022	1313602
43	60168	1307295
44	61536	1305935
45	62583	1297930
46	63776	1293179
47	65017	1289516
48	66306	1286883
49	67598	1284362
50	68688	1278144
51	69657	1269906
52	70769	1264505
53	72100	1263102
54	73561	1263927
55	74860	1261928556	76427	1264407
57	77609	1260486558	79142	1262253
59	80680	1263989
60	82002	1262295
61	83162	1258174662	84506	1256862663	85743	1253997664	86911	125018265	89258	1263138
66	90521	1260551
667	90775	1244153668	92407	1246829669	93955	1248259770	95091	1244228771	96329	124158572	98395	1249484
773	98688	1234940774	100076	123427275	102742	1249128
76	103942	1245963
77	105339	1245166
78	106713	1244092
79	107454	1235721
880	107925	1224486881	109305	1223686882	110726	1223327883	112013	122148584	114050	1227724
85	115252	1224889
886	115412	1211163887	116663	1209053888	118036	1208212889	119581	1209102990	120560	1204283991	121929	1203386992	12256893	12623993	123849	1193700994	125423	119481995	127469	1200341
96	128750	1198572
97	130218	1198545
98	131424	1196091
99	132828	1195459
100	135333	1204599
101	136617	1202767
102	137966	1201514
103	139266	1199837
104	139499	1189071
105	141187	1190771
106	142625	1190319
107	144857	1196411
108	146663	1198876
109	148697	1203100
110	150093	1202098
111	151516	1201311
112	152436	1196557
113	153502	1193010
114	154226	1186870
115	154327	1176083
116	155778	1175663
117	157089	1174176
118	157968	1169494
119	159394	1168892
120	160642	1166977
121	162170	1167095
122	162990	1162136
123	164257	1160401
124	165837	1160864
125	167409	1161238
126	168769	1160126
127	169978	1157977
128	171407	1157331
129	172715	1155867
130	173879	1153444
131	175234	1152301
132	176651	1151557
133	177369	1146281
134	178399	1143079
135	179495	11136	18136	180948	11137	18137	182145	11138	18138	183507	1136690
139	184807	1135245
140	185965	1132941
141	188730	1140355
142	190166	1139668
143	191516	1138459
144	192970	1137861
145	194110	1135416
146	195633	1135208
147	197196	1135213
148	198028	1131022
149	199552	1130800
150	201227	1131405
151	202513	1129813
152	204139	1130108
153	205526	1129062
154	206996	1128462
155	208282	1126863
156	209025	1122348
157	210541	1121998
158	209611	1108702
159	210888	1107163
160	213719	1113732
161	213783	1105868
162	215348	1105806
163	216485	1103547
164	217861	1102509
165	219191	1101239
166	220043	1097579
167	222647	1102636
168	224013	1101510
169	225310	1100047
170	226545	1098283
171	226565	1090674
172	227940	1089633
173	229495	1089446
174	230574	1086995
175	231887	1085654
176	232836	1082625
177	236395	1091669
178	237510	1089363
179	239093	1089204
180	240629	1088813
181	241152	1083860
182	242383	1082116
183	243900	1081646
184	245063	1079604
185	246372	1078209
186	247164	1074571
187	248406	1072905
188	250090	1073138
189	251421	1071848
190	253134	1072177
191	254559	1071270
192	256113	1070899
193	257533	1069958
194	257977	1064983
195	258761	1061448
196	260180	1060533
197	260954	1056999
198	262432	1056322
199	263877	1055508
200	264602	1051827
201	266396	1052396
202	267998	1052190
203	268979	1049548
204	268428	1040980
205	270256	1041669
206	271539	1040246
207	272442	1037377
208	273882	1036560
209	276540	1040320
210	278159	1040131
211	277743	1032365
212	280563	1036635
213	281859	1035240
214	283459	1034956
215	284953	1034275
216	286124	1032422
217	287535	1031435
218	287218	1024282
219	289621	1026841
220	290863	1025262
221	292054	1023505
222	293408	1022325
223	294702	1020933
224	295810	1018901
225	297397	1018519
226	298860	1017704
227	300174	1016381
228	300800	1012739
229	301536	1009490
230	302841	1008160
231	304202	1007015
232	305522	1005732
233	306722	1004057
234	307910	1002347
235	308760	999545
236	310151	998503
237	311413	997046
238	311941	993254
239	313197	991790
240	313860	988466
241	314637	985516
242	315709	983505
243	316838	981681
244	318375	981117
245	319243	978494
246	320763	977873
247	321645	975312
248	322496	972668
249	323085	969256
250	324430	968121
251	32523252	32352252	32652253	32487253	328226	964002
254	329671	963158
255	331106	962278
256	332604	961576
257	333829	960083
258	334949	958291
259	336397	957440
260	33674261	33517261	33722262	336716	943575
263	33747263	33929264	33818264	33996265	339555	936967
266	340650	935194
267	342030	934203
268	343438	933283
269	344019	930125
270	345124	928396
271	346369	927047
272	347423	925189
273	348614	923701
274	349953	922605
275	350789	920186
276	35134276	35351277	35269277	35458278	35336278	35539279	35479279	35696280	35564280	35776281	35688281	35917282	35794282	36101283	35947283	362649	914285
284	363481	911892
285	364830	910800
286	366290	909983
287	367367	908213
288	368476	906527
289	369706	905143
290	371059	904059
291	372419	902989
292	373304	900773
293	374803	900037
294	376018	898620
295	376690	895911
296	378125	895024
297	379286	893487
298	380655	892440
299	381720	890681
300	383031	889497
301	383963	887439
302	385177	886034
303	385860	883416
304	387083	882043
305	387692	879276
306	389000	878101
307	390390	877111
308	390798	873922
309	391505	871415
310	393154	871008
311	394720	870408
312	395906	868970
313	397375	868152
314	398200	865927
315	399405	864535
316	400814	863585
317	402258	862704
318	403262	860883
319	40413320	40255320	40540321	40374321	406914	856794
322	408046	855256
323	409125	853608
324	409625	850761
325	410888	849505
326	411757	847438
327	412296	844704
328	413691	843729
329	414915	842404
330	41551331	41402331	41679332	41506332	41742333	41635333	41865334	41795334	42016335	41923335	42153336	42026336	42294337	42128337	42364338	42255338	42492339	42388339	42612340	42500340	42741341	42644341	42888342	42749342	430287	824194
343	43178344	42997344	43306345	43119345	43358346	432403	813716
347	433639	812450
348	435065	811540
349	436240	810160
350	437080	808163
351	438210	806705
352	439466	805481
353	440694	804204
354	441884	802860
355	442541	800552
356	443746	799240
357	445198	798372
358	446600	797412
359	447848	796174
360	449256	795221
361	450524	794017
362	452071	793304
363	453262	791963
364	454688	791033
365	456277	790382
366	457637	789330
367	459121	788490
368	459937	786506
369	461484	785770
370	462741	784540
371	464306	783828
372	465640	782726
373	467012	781684
374	468474	780791
375	469645	779411
376	470951	778257
377	472388	777317
378	473620	776037
379	474785	774650
380	475940	773247
381	477180	771982
382	478580	770977
383	479958	769933
384	481308	768842
385	482618	767688
386	484202	766967
387	485431	765680
388	486622	764335
389	487964	763226
390	489343	762174
391	490752	761167
392	492064	760008
393	493237	758633
394	493857	756414
395	495420	755640
396	496772	754544
397	497850	753029
398	499480	752350
399	500682	751023
400	502055	749952
401	503154	748473
402	504471	747319
403	505757	746117
404	506915	744727
405	508219	743552
406	509886	742906
407	511341	741945
408	512534	740605
409	514408	740246
410	515706	739054
411	517044	737918
412	518466	736900
413	519823	735789
414	521117	734586
415	522596	733645
416	524043	732655
417	524666	730516
418	526002	729373
419	527338	728229
420	528675	727085
421	530192	726187
422	531437	724916
423	532407	723270
424	533779	722171
425	535257	721215
426	536579	720047
427	538399	719542
428	539796	718469
429	541102	717275
430	542291	715925
431	543531	714643
432	544860	713478
433	546321	712483
434	547634	711295
435	548984	710154
436	550242	708893
437	551572	707725
438	553001	706683
439	554468	705686
440	555868	704604
441	557212	703448
442	558573	702314
443	560181	701488
444	561297	700045
445	562675	698928
446	564193	697984
447	565491	696766
448	566736	695482
449	567984	694202
450	569158	692834
451	570254	691370
452	571564	690167
453	572815	688893
454	574074	687627
455	575409	686453
456	576851	685405
457	578237	684289
458	579735	683304
459	581010	682055
460	582265	680783
461	583632	679641
462	585328	678880
463	586647	677678
464	587930	676436
465	588936	674875
466	590124	673525
467	591564	672462
468	592888	671266
469	594275	670140
470	595708	669065
471	597043	667879
472	598421	666739
473	599723	665515
474	601081	664353
475	602373	663116
476	603752	661975
477	605234	660946
478	606494	659673
479	608020	658688
480	608979	657089
481	610219	655796
482	611612	654666
483	612797	653313
484	614157	652146
485	615399	650855
486	616545	649461
487	617888	648276
488	619148	647003
489	620716	646051
490	622029	644833
491	623579	643858
492	624847	642591
493	626008	641215
494	627683	640363
495	628529	638667
496	629396	636994
497	630395	635458
498	631192	633721
499	631879	631879
500	632677	630151
501	633437	628390
502	634313	626747
503	635343	625258
504	635986	623392
505	636595	621498
506	637294	619697
507	637867	617776
508	638454	615876
509	638935	613879
510	639473	611942
511	640059	610056
512	640650	608181
513	641202	606272
514	641743	604360
515	642317	602483
516	642883	600605
517	643460	598740
518	644045	596889
519	644640	595052
520	645241	593225
521	645799	591364
522	646335	589487
523	646925	587664
524	647478	585813
525	648078	584009
526	648814	582332
527	649323	580455
528	650370	579063
529	650735	577067
0	575395
530	649429	573601
531	649974	571781
532	650427	569886
533	651090	568179
534	651648	566386
