feature,importance
Age,27.887541825310468
InterestRate,21.448942056357062
LTI,15.953709320213145
MonthsEmployed,11.93187941869793
CreditScore,2.978410931861969
HasCoSigner,2.6936523323348025
NumCreditLines,2.1657682448192768
HasDependents,2.123040522937669
EmploymentType,2.0584209963552214
LoanAmount,2.0536637515640344
Income,1.7763409937387868
DTIRatio,1.657581214676199
stratify_col,1.2429371231186357
HasMortgage,1.2294945354098807
Education,0.9489125091380658
MaritalStatus,0.8421516772654699
LoanPurpose,0.6386355449469481
LoanTerm,0.36891700125429894
